date,campaign_id,platform,creative_id,spend,impressions,clicks,conversions,true_units,revenue,roas,cpa,ctr,conversion_rate
2025-03-01,C-001,Google,CR-101,319.86,27013,1204,39,39,2391.0,7.4751,8.2,0.044571,0.032392
2025-03-01,C-002,Google,CR-102,293.31,26494,1091,33,33,3407.0,11.6158,8.89,0.041179,0.030247
2025-03-01,C-003,Google,CR-103,241.22,17959,642,20,20,2180.0,9.0372,12.06,0.035748,0.031153
2025-03-01,C-004,Meta,CR-104,357.83,35064,1811,61,47,5003.0,13.9815,7.61,0.051648,0.025953
2025-03-01,C-005,Meta,CR-105,296.27,30362,1377,34,34,1126.0,3.8006,8.71,0.045353,0.024691
2025-03-01,C-006,Meta,CR-106,247.62,23072,961,22,22,1408.0,5.6861,11.26,0.041652,0.022893
2025-03-01,C-007,TikTok,CR-107,219.32,33591,1964,79,79,5071.0,23.1216,2.78,0.058468,0.040224
2025-03-01,C-008,TikTok,CR-108,202.73,34261,2096,76,76,7904.0,38.9876,2.67,0.061177,0.03626
2025-03-01,C-009,TikTok,CR-109,178.18,27063,1508,44,44,4576.0,25.6824,4.05,0.055722,0.029178
2025-03-01,C-010,Amazon,CR-110,255.35,22505,909,52,52,4368.0,17.106,4.91,0.040391,0.057206
2025-03-01,C-011,Amazon,CR-111,204.3,19941,909,52,52,7228.0,35.3798,3.93,0.045584,0.057206
2025-03-01,C-012,Amazon,CR-112,185.24,15633,593,27,27,3343.0,18.0464,6.86,0.037933,0.045531
2025-03-01,C-013,Programmatic,CR-113,133.48,9587,262,6,6,234.0,1.753,22.25,0.027329,0.022901
2025-03-01,C-014,Programmatic,CR-114,135.96,9619,258,5,5,255.0,1.8756,27.19,0.026822,0.01938
2025-03-01,C-015,Programmatic,CR-115,116.46,8397,261,7,7,753.0,6.4656,16.64,0.031083,0.02682
2025-03-02,C-001,Google,CR-101,326.79,27095,1213,43,43,2617.0,8.0082,7.6,0.044768,0.035449
2025-03-02,C-002,Google,CR-102,278.72,25235,1032,35,35,3665.0,13.1496,7.96,0.040896,0.033915
2025-03-02,C-003,Google,CR-103,232.04,18133,668,21,21,2309.0,9.9508,11.05,0.036839,0.031437
2025-03-02,C-004,Meta,CR-104,346.75,33742,1713,57,44,4656.0,13.4275,7.88,0.050768,0.025686
2025-03-02,C-005,Meta,CR-105,309.65,31844,1493,37,37,1223.0,3.9496,8.37,0.046885,0.024782
2025-03-02,C-006,Meta,CR-106,263.12,24615,1023,24,24,1536.0,5.8377,10.96,0.04156,0.02346
2025-03-02,C-007,TikTok,CR-107,213.56,32517,1960,70,70,4480.0,20.9782,3.05,0.060276,0.035714
2025-03-02,C-008,TikTok,CR-108,207.13,35564,2031,73,73,7567.0,36.5326,2.84,0.057108,0.035943
2025-03-02,C-009,TikTok,CR-109,172.64,25295,1429,47,47,4903.0,28.4005,3.67,0.056493,0.03289
2025-03-02,C-010,Amazon,CR-110,250.91,23154,1003,56,56,4704.0,18.7474,4.48,0.043319,0.055833
2025-03-02,C-011,Amazon,CR-111,200.14,18506,785,46,46,6404.0,31.9972,4.35,0.042419,0.058599
2025-03-02,C-012,Amazon,CR-112,174.31,14607,552,26,26,3224.0,18.4959,6.7,0.03779,0.047101
2025-03-02,C-013,Programmatic,CR-113,140.3,10403,295,6,6,234.0,1.6679,23.38,0.028357,0.020339
2025-03-02,C-014,Programmatic,CR-114,132.53,8972,220,5,5,255.0,1.9241,26.51,0.024521,0.022727
2025-03-02,C-015,Programmatic,CR-115,121.31,9286,288,7,7,753.0,6.207,17.33,0.031014,0.024306
2025-03-03,C-001,Google,CR-101,311.83,26894,1182,44,44,2696.0,8.6458,7.09,0.04395,0.037225
2025-03-03,C-002,Google,CR-102,282.15,24264,987,33,33,3407.0,12.075,8.55,0.040678,0.033435
2025-03-03,C-003,Google,CR-103,244.05,19281,705,20,20,2180.0,8.9325,12.2,0.036564,0.028369
2025-03-03,C-004,Meta,CR-104,359.41,35693,1924,73,56,6044.0,16.8165,6.42,0.053904,0.029106
2025-03-03,C-005,Meta,CR-105,310.5,33262,1671,42,42,1388.0,4.4703,7.39,0.050238,0.025135
2025-03-03,C-006,Meta,CR-106,268.54,25539,1181,29,29,1831.0,6.8183,9.26,0.046243,0.024555
2025-03-03,C-007,TikTok,CR-107,224.13,35840,2352,91,91,5839.0,26.0515,2.46,0.065625,0.03869
2025-03-03,C-008,TikTok,CR-108,206.23,35536,2060,70,70,7280.0,35.3012,2.95,0.057969,0.033981
2025-03-03,C-009,TikTok,CR-109,179.89,26371,1522,49,49,5081.0,28.2453,3.67,0.057715,0.032194
2025-03-03,C-010,Amazon,CR-110,254.34,22899,937,56,56,4704.0,18.4949,4.54,0.040919,0.059765
2025-03-03,C-011,Amazon,CR-111,205.8,20154,920,51,51,7069.0,34.3496,4.04,0.045649,0.055435
2025-03-03,C-012,Amazon,CR-112,176.71,15574,625,30,30,3720.0,21.0515,5.89,0.040131,0.048
2025-03-03,C-013,Programmatic,CR-113,144.78,10478,285,6,6,234.0,1.6163,24.13,0.0272,0.021053
2025-03-03,C-014,Programmatic,CR-114,132.48,9407,250,5,5,255.0,1.9248,26.5,0.026576,0.02
2025-03-03,C-015,Programmatic,CR-115,120.02,8772,269,7,7,753.0,6.274,17.15,0.030666,0.026022
2025-03-04,C-001,Google,CR-101,316.25,26122,1108,40,40,2440.0,7.7155,7.91,0.042416,0.036101
2025-03-04,C-002,Google,CR-102,280.07,23682,926,28,28,2912.0,10.3975,10.0,0.039101,0.030238
2025-03-04,C-003,Google,CR-103,241.98,19378,742,21,21,2309.0,9.542,11.52,0.038291,0.028302
2025-03-04,C-004,Meta,CR-104,344.36,33942,1838,69,53,5697.0,16.5436,6.5,0.054151,0.028836
2025-03-04,C-005,Meta,CR-105,307.18,31848,1607,43,43,1417.0,4.6129,7.14,0.050458,0.026758
2025-03-04,C-006,Meta,CR-106,264.09,24647,1059,26,26,1664.0,6.301,10.16,0.042967,0.024551
2025-03-04,C-007,TikTok,CR-107,218.26,33056,1972,71,71,4559.0,20.8884,3.07,0.059656,0.036004
2025-03-04,C-008,TikTok,CR-108,203.73,34408,1930,70,70,7280.0,35.7328,2.91,0.056092,0.036269
2025-03-04,C-009,TikTok,CR-109,184.12,26822,1536,44,44,4636.0,25.1795,4.18,0.057266,0.028646
2025-03-04,C-010,Amazon,CR-110,269.41,25018,981,51,51,4299.0,15.9569,5.28,0.039212,0.051988
2025-03-04,C-011,Amazon,CR-111,209.2,19241,898,55,55,7705.0,36.8311,3.8,0.046671,0.061247
2025-03-04,C-012,Amazon,CR-112,186.45,15682,607,30,30,3720.0,19.9517,6.22,0.038707,0.049423
2025-03-04,C-013,Programmatic,CR-113,139.65,10165,280,6,6,234.0,1.6756,23.27,0.027545,0.021429
2025-03-04,C-014,Programmatic,CR-114,124.88,8894,232,5,5,255.0,2.042,24.98,0.026085,0.021552
2025-03-04,C-015,Programmatic,CR-115,116.34,8827,272,7,7,753.0,6.4726,16.62,0.030815,0.025735
2025-03-05,C-001,Google,CR-101,324.35,27421,1212,22,22,1348.0,4.156,14.74,0.0442,0.018152
2025-03-05,C-002,Google,CR-102,274.61,23504,1019,19,19,2001.0,7.2868,14.45,0.043354,0.018646
2025-03-05,C-003,Google,CR-103,231.21,17941,681,6,6,774.0,3.3475,38.54,0.037958,0.008811
2025-03-05,C-004,Meta,CR-104,342.71,22656,1024,22,17,1793.0,5.2319,20.16,0.045198,0.016602
2025-03-05,C-005,Meta,CR-105,311.78,20737,802,11,11,359.0,1.1515,28.34,0.038675,0.013716
2025-03-05,C-006,Meta,CR-106,247.85,15482,575,3,3,117.0,0.4721,82.62,0.03714,0.005217
2025-03-05,C-007,TikTok,CR-107,211.84,32949,1780,35,35,2255.0,10.6448,6.05,0.054023,0.019663
2025-03-05,C-008,TikTok,CR-108,193.51,33391,1947,34,34,3536.0,18.2729,5.69,0.058309,0.017463
2025-03-05,C-009,TikTok,CR-109,184.66,27193,1516,13,13,1547.0,8.3776,14.2,0.05575,0.008575
2025-03-05,C-010,Amazon,CR-110,247.24,22132,867,24,24,2016.0,8.154,10.3,0.039174,0.027682
2025-03-05,C-011,Amazon,CR-111,207.16,20353,969,34,34,4756.0,22.9586,6.09,0.04761,0.035088
2025-03-05,C-012,Amazon,CR-112,174.01,14698,571,15,15,1855.0,10.6602,11.6,0.038849,0.02627
2025-03-05,C-013,Programmatic,CR-113,146.7,10891,316,4,4,156.0,1.0634,36.68,0.029015,0.012658
2025-03-05,C-014,Programmatic,CR-114,129.91,8978,225,3,3,177.0,1.3625,43.3,0.025061,0.013333
2025-03-05,C-015,Programmatic,CR-115,116.65,8865,256,3,3,317.0,2.7174,38.88,0.028878,0.011719
2025-03-06,C-001,Google,CR-101,318.09,25840,1130,18,18,1092.0,3.433,17.67,0.043731,0.015929
2025-03-06,C-002,Google,CR-102,287.29,24308,978,14,14,1456.0,5.0681,20.52,0.040234,0.014315
2025-03-06,C-003,Google,CR-103,242.67,18868,738,5,5,645.0,2.658,48.53,0.039114,0.006775
2025-03-06,C-004,Meta,CR-104,343.82,21330,928,16,12,1258.0,3.6589,28.65,0.043507,0.012931
2025-03-06,C-005,Meta,CR-105,302.94,21346,840,10,10,330.0,1.0893,30.29,0.039352,0.011905
2025-03-06,C-006,Meta,CR-106,251.1,15536,556,3,3,117.0,0.466,83.7,0.035788,0.005396
2025-03-06,C-007,TikTok,CR-107,209.86,32559,1583,25,25,1585.0,7.5528,8.39,0.048619,0.015793
2025-03-06,C-008,TikTok,CR-108,195.77,32875,1930,30,30,3120.0,15.9369,6.53,0.058707,0.015544
2025-03-06,C-009,TikTok,CR-109,171.5,25319,1418,10,10,1190.0,6.9387,17.15,0.056005,0.007052
2025-03-06,C-010,Amazon,CR-110,270.05,25330,1028,26,26,2184.0,8.0875,10.39,0.040584,0.025292
2025-03-06,C-011,Amazon,CR-111,193.82,18469,840,24,24,3296.0,17.0051,8.08,0.045482,0.028571
2025-03-06,C-012,Amazon,CR-112,180.23,15157,559,13,13,1617.0,8.9716,13.86,0.036881,0.023256
2025-03-06,C-013,Programmatic,CR-113,138.94,9597,267,2,2,78.0,0.5614,69.47,0.027821,0.007491
2025-03-06,C-014,Programmatic,CR-114,128.54,8733,222,2,2,108.0,0.8402,64.27,0.025421,0.009009
2025-03-06,C-015,Programmatic,CR-115,122.88,9269,289,3,3,317.0,2.5798,40.96,0.031179,0.010381
2025-03-07,C-001,Google,CR-101,326.71,27804,1265,34,34,2086.0,6.3849,9.61,0.045497,0.026877
2025-03-07,C-002,Google,CR-102,280.73,23875,966,23,23,2417.0,8.6098,12.21,0.040461,0.02381
2025-03-07,C-003,Google,CR-103,238.53,18190,700,9,9,1161.0,4.8672,26.5,0.038483,0.012857
2025-03-07,C-004,Meta,CR-104,350.08,22284,992,29,22,2328.0,6.6499,15.91,0.044516,0.022177
2025-03-07,C-005,Meta,CR-105,310.58,21871,910,20,20,660.0,2.125,15.53,0.041608,0.021978
2025-03-07,C-006,Meta,CR-106,257.43,16353,633,6,6,234.0,0.909,42.9,0.038708,0.009479
2025-03-07,C-007,TikTok,CR-107,229.01,34433,1372,34,34,2176.0,9.5018,6.74,0.039845,0.024781
2025-03-07,C-008,TikTok,CR-108,203.36,34406,1990,51,51,5329.0,26.2044,3.99,0.057839,0.025628
2025-03-07,C-009,TikTok,CR-109,175.0,26570,1440,18,18,2142.0,12.2399,9.72,0.054196,0.0125
2025-03-07,C-010,Amazon,CR-110,264.79,24969,1014,47,47,3963.0,14.9668,5.63,0.04061,0.046351
2025-03-07,C-011,Amazon,CR-111,197.22,19289,875,41,41,5739.0,29.0999,4.81,0.045363,0.046857
2025-03-07,C-012,Amazon,CR-112,174.36,15075,570,21,21,2609.0,14.9636,8.3,0.037811,0.036842
2025-03-07,C-013,Programmatic,CR-113,136.53,9690,275,5,5,205.0,1.5016,27.31,0.02838,0.018182
2025-03-07,C-014,Programmatic,CR-114,131.89,8873,225,3,3,177.0,1.342,43.96,0.025358,0.013333
2025-03-07,C-015,Programmatic,CR-115,116.89,8433,267,5,5,555.0,4.7479,23.38,0.031661,0.018727
2025-03-08,C-001,Google,CR-101,304.97,25395,1125,39,39,2391.0,7.84,7.82,0.0443,0.034667
2025-03-08,C-002,Google,CR-102,280.38,24315,966,31,31,3249.0,11.5879,9.04,0.039729,0.032091
2025-03-08,C-003,Google,CR-103,234.75,18320,657,9,9,1161.0,4.9456,26.08,0.035862,0.013699
2025-03-08,C-004,Meta,CR-104,376.37,24760,1032,40,31,3369.0,8.9514,12.14,0.04168,0.030039
2025-03-08,C-005,Meta,CR-105,307.87,21001,884,22,22,728.0,2.3646,13.99,0.042093,0.024887
2025-03-08,C-006,Meta,CR-106,253.2,16041,568,7,7,273.0,1.0782,36.17,0.035409,0.012324
2025-03-08,C-007,TikTok,CR-107,224.66,34360,1162,34,34,2176.0,9.6859,6.61,0.033818,0.02926
2025-03-08,C-008,TikTok,CR-108,203.77,33598,1856,59,59,6161.0,30.2352,3.45,0.055241,0.031789
2025-03-08,C-009,TikTok,CR-109,175.01,26288,1491,23,23,2737.0,15.6387,7.61,0.056718,0.015426
2025-03-08,C-010,Amazon,CR-110,251.84,23084,925,55,55,4635.0,18.4043,4.58,0.040071,0.059459
2025-03-08,C-011,Amazon,CR-111,209.98,19890,869,52,52,7228.0,34.4218,4.04,0.04369,0.059839
2025-03-08,C-012,Amazon,CR-112,186.18,16856,662,33,33,4097.0,22.0061,5.64,0.039274,0.049849
2025-03-08,C-013,Programmatic,CR-113,141.13,10418,276,6,6,234.0,1.658,23.52,0.026493,0.021739
2025-03-08,C-014,Programmatic,CR-114,131.34,8780,240,5,5,255.0,1.9415,26.27,0.027335,0.020833
2025-03-08,C-015,Programmatic,CR-115,122.14,8959,255,7,7,753.0,6.165,17.45,0.028463,0.027451
2025-03-09,C-001,Google,CR-101,324.55,28168,1248,41,41,2489.0,7.669,7.92,0.044306,0.032853
2025-03-09,C-002,Google,CR-102,274.78,23654,1002,33,33,3407.0,12.399,8.33,0.042361,0.032934
2025-03-09,C-003,Google,CR-103,231.92,17467,641,9,9,1161.0,5.006,25.77,0.036698,0.014041
2025-03-09,C-004,Meta,CR-104,355.42,22845,1040,36,28,3022.0,8.5026,12.69,0.045524,0.026923
2025-03-09,C-005,Meta,CR-105,307.37,20244,807,21,21,689.0,2.2416,14.64,0.039864,0.026022
2025-03-09,C-006,Meta,CR-106,252.61,14978,540,7,7,273.0,1.0807,36.09,0.036053,0.012963
2025-03-09,C-007,TikTok,CR-107,216.08,32452,897,24,24,1536.0,7.1084,9.0,0.027641,0.026756
2025-03-09,C-008,TikTok,CR-108,199.64,34478,1938,67,67,6993.0,35.0275,2.98,0.05621,0.034572
2025-03-09,C-009,TikTok,CR-109,182.24,25964,1439,22,22,2618.0,14.3658,8.28,0.055423,0.015288
2025-03-09,C-010,Amazon,CR-110,259.83,23161,973,53,53,4437.0,17.0764,4.9,0.04201,0.054471
2025-03-09,C-011,Amazon,CR-111,200.42,19165,871,53,53,7387.0,36.8577,3.78,0.045447,0.06085
2025-03-09,C-012,Amazon,CR-112,171.46,14920,541,26,26,3224.0,18.8031,6.59,0.03626,0.048059
2025-03-09,C-013,Programmatic,CR-113,145.49,10463,288,6,6,234.0,1.6084,24.25,0.027526,0.020833
2025-03-09,C-014,Programmatic,CR-114,128.08,8649,238,5,5,255.0,1.9909,25.62,0.027518,0.021008
2025-03-09,C-015,Programmatic,CR-115,118.99,8780,256,6,6,654.0,5.4961,19.83,0.029157,0.023438
2025-03-10,C-001,Google,CR-101,305.29,25460,1176,41,41,2489.0,8.1529,7.45,0.04619,0.034864
2025-03-10,C-002,Google,CR-102,273.96,22939,987,33,33,3407.0,12.4363,8.3,0.043027,0.033435
2025-03-10,C-003,Google,CR-103,229.98,18358,680,11,11,1419.0,6.17,20.91,0.037041,0.016176
2025-03-10,C-004,Meta,CR-104,371.96,24707,1041,38,29,3051.0,8.2026,12.83,0.042134,0.027858
2025-03-10,C-005,Meta,CR-105,304.5,20015,800,20,20,660.0,2.1675,15.22,0.03997,0.025
2025-03-10,C-006,Meta,CR-106,260.35,15507,569,7,7,273.0,1.0486,37.19,0.036693,0.012302
2025-03-10,C-007,TikTok,CR-107,227.74,35258,757,18,18,1152.0,5.0584,12.65,0.02147,0.023778
2025-03-10,C-008,TikTok,CR-108,206.97,34534,1934,65,65,6735.0,32.5415,3.18,0.056003,0.033609
2025-03-10,C-009,TikTok,CR-109,174.99,26472,1491,22,22,2618.0,14.9609,7.95,0.056324,0.014755
2025-03-10,C-010,Amazon,CR-110,258.93,23928,1022,53,53,4437.0,17.136,4.89,0.042711,0.051859
2025-03-10,C-011,Amazon,CR-111,203.64,19631,858,53,53,7387.0,36.2741,3.84,0.043706,0.061772
2025-03-10,C-012,Amazon,CR-112,181.84,15610,614,29,29,3601.0,19.8031,6.27,0.039334,0.047231
2025-03-10,C-013,Programmatic,CR-113,134.92,9294,248,5,5,205.0,1.5194,26.98,0.026684,0.020161
2025-03-10,C-014,Programmatic,CR-114,132.03,8947,221,5,5,255.0,1.9315,26.41,0.024701,0.022624
2025-03-10,C-015,Programmatic,CR-115,123.76,9044,259,6,6,654.0,5.2845,20.63,0.028638,0.023166
