date,campaign_id,platform,reach,frequency,impressions
2025-03-01,C-001,Google,16883,1.6,27013
2025-03-01,C-002,Google,16558,1.6,26494
2025-03-01,C-003,Google,11224,1.6,17959
2025-03-01,C-004,Meta,21915,1.6,35064
2025-03-01,C-005,Meta,18976,1.6,30362
2025-03-01,C-006,Meta,14420,1.6,23072
2025-03-01,C-007,TikTok,20994,1.6,33591
2025-03-01,C-008,TikTok,21413,1.6,34261
2025-03-01,C-009,TikTok,16914,1.6,27063
2025-03-01,C-010,Amazon,14065,1.6,22505
2025-03-01,C-011,Amazon,12463,1.6,19941
2025-03-01,C-012,Amazon,9770,1.6,15633
2025-03-01,C-013,Programmatic,5991,1.6,9587
2025-03-01,C-014,Programmatic,6011,1.6,9619
2025-03-01,C-015,Programmatic,5248,1.6,8397
2025-03-02,C-001,Google,16934,1.6,27095
2025-03-02,C-002,Google,15771,1.6,25235
2025-03-02,C-003,Google,11333,1.6,18133
2025-03-02,C-004,Meta,21088,1.6,33742
2025-03-02,C-005,Meta,19902,1.6,31844
2025-03-02,C-006,Meta,15384,1.6,24615
2025-03-02,C-007,TikTok,20323,1.6,32517
2025-03-02,C-008,TikTok,22227,1.6,35564
2025-03-02,C-009,TikTok,15809,1.6,25295
2025-03-02,C-010,Amazon,14471,1.6,23154
2025-03-02,C-011,Amazon,11566,1.6,18506
2025-03-02,C-012,Amazon,9129,1.6,14607
2025-03-02,C-013,Programmatic,6501,1.6,10403
2025-03-02,C-014,Programmatic,5607,1.6,8972
2025-03-02,C-015,Programmatic,5803,1.6,9286
2025-03-03,C-001,Google,16808,1.6,26894
2025-03-03,C-002,Google,15165,1.6,24264
2025-03-03,C-003,Google,12050,1.6,19281
2025-03-03,C-004,Meta,22308,1.6,35693
2025-03-03,C-005,Meta,20788,1.6,33262
2025-03-03,C-006,Meta,15961,1.6,25539
2025-03-03,C-007,TikTok,22400,1.6,35840
2025-03-03,C-008,TikTok,22210,1.6,35536
2025-03-03,C-009,TikTok,16481,1.6,26371
2025-03-03,C-010,Amazon,14311,1.6,22899
2025-03-03,C-011,Amazon,12596,1.6,20154
2025-03-03,C-012,Amazon,9733,1.6,15574
2025-03-03,C-013,Programmatic,6548,1.6,10478
2025-03-03,C-014,Programmatic,5879,1.6,9407
2025-03-03,C-015,Programmatic,5482,1.6,8772
2025-03-04,C-001,Google,16326,1.6,26122
2025-03-04,C-002,Google,14801,1.6,23682
2025-03-04,C-003,Google,12111,1.6,19378
2025-03-04,C-004,Meta,21213,1.6,33942
2025-03-04,C-005,Meta,19905,1.6,31848
2025-03-04,C-006,Meta,15404,1.6,24647
2025-03-04,C-007,TikTok,20660,1.6,33056
2025-03-04,C-008,TikTok,21505,1.6,34408
2025-03-04,C-009,TikTok,16763,1.6,26822
2025-03-04,C-010,Amazon,15636,1.6,25018
2025-03-04,C-011,Amazon,12025,1.6,19241
2025-03-04,C-012,Amazon,9801,1.6,15682
2025-03-04,C-013,Programmatic,6353,1.6,10165
2025-03-04,C-014,Programmatic,5558,1.6,8894
2025-03-04,C-015,Programmatic,5516,1.6,8827
2025-03-05,C-001,Google,17138,1.6,27421
2025-03-05,C-002,Google,14690,1.6,23504
2025-03-05,C-003,Google,11213,1.6,17941
2025-03-05,C-004,Meta,14160,1.6,22656
2025-03-05,C-005,Meta,12960,1.6,20737
2025-03-05,C-006,Meta,9676,1.6,15482
2025-03-05,C-007,TikTok,19868,1.658,32949
2025-03-05,C-008,TikTok,20869,1.6,33391
2025-03-05,C-009,TikTok,16995,1.6,27193
2025-03-05,C-010,Amazon,13832,1.6,22132
2025-03-05,C-011,Amazon,12720,1.6,20353
2025-03-05,C-012,Amazon,9186,1.6,14698
2025-03-05,C-013,Programmatic,6806,1.6,10891
2025-03-05,C-014,Programmatic,5611,1.6,8978
2025-03-05,C-015,Programmatic,5540,1.6,8865
2025-03-06,C-001,Google,16150,1.6,25840
2025-03-06,C-002,Google,15192,1.6,24308
2025-03-06,C-003,Google,11792,1.6,18868
2025-03-06,C-004,Meta,13331,1.6,21330
2025-03-06,C-005,Meta,13341,1.6,21346
2025-03-06,C-006,Meta,9710,1.6,15536
2025-03-06,C-007,TikTok,18966,1.717,32559
2025-03-06,C-008,TikTok,20546,1.6,32875
2025-03-06,C-009,TikTok,15824,1.6,25319
2025-03-06,C-010,Amazon,15831,1.6,25330
2025-03-06,C-011,Amazon,11543,1.6,18469
2025-03-06,C-012,Amazon,9473,1.6,15157
2025-03-06,C-013,Programmatic,5998,1.6,9597
2025-03-06,C-014,Programmatic,5458,1.6,8733
2025-03-06,C-015,Programmatic,5793,1.6,9269
2025-03-07,C-001,Google,17377,1.6,27804
2025-03-07,C-002,Google,14921,1.6,23875
2025-03-07,C-003,Google,11368,1.6,18190
2025-03-07,C-004,Meta,13927,1.6,22284
2025-03-07,C-005,Meta,13669,1.6,21871
2025-03-07,C-006,Meta,10220,1.6,16353
2025-03-07,C-007,TikTok,19398,1.775,34433
2025-03-07,C-008,TikTok,21503,1.6,34406
2025-03-07,C-009,TikTok,16606,1.6,26570
2025-03-07,C-010,Amazon,15605,1.6,24969
2025-03-07,C-011,Amazon,12055,1.6,19289
2025-03-07,C-012,Amazon,9421,1.6,15075
2025-03-07,C-013,Programmatic,6056,1.6,9690
2025-03-07,C-014,Programmatic,5545,1.6,8873
2025-03-07,C-015,Programmatic,5270,1.6,8433
2025-03-08,C-001,Google,15871,1.6,25395
2025-03-08,C-002,Google,15196,1.6,24315
2025-03-08,C-003,Google,11450,1.6,18320
2025-03-08,C-004,Meta,15475,1.6,24760
2025-03-08,C-005,Meta,13125,1.6,21001
2025-03-08,C-006,Meta,10025,1.6,16041
2025-03-08,C-007,TikTok,18741,1.833,34360
2025-03-08,C-008,TikTok,20998,1.6,33598
2025-03-08,C-009,TikTok,16430,1.6,26288
2025-03-08,C-010,Amazon,14427,1.6,23084
2025-03-08,C-011,Amazon,12431,1.6,19890
2025-03-08,C-012,Amazon,10535,1.6,16856
2025-03-08,C-013,Programmatic,6511,1.6,10418
2025-03-08,C-014,Programmatic,5487,1.6,8780
2025-03-08,C-015,Programmatic,5599,1.6,8959
2025-03-09,C-001,Google,17605,1.6,28168
2025-03-09,C-002,Google,14783,1.6,23654
2025-03-09,C-003,Google,10916,1.6,17467
2025-03-09,C-004,Meta,14278,1.6,22845
2025-03-09,C-005,Meta,12652,1.6,20244
2025-03-09,C-006,Meta,9361,1.6,14978
2025-03-09,C-007,TikTok,17155,1.892,32452
2025-03-09,C-008,TikTok,21548,1.6,34478
2025-03-09,C-009,TikTok,16227,1.6,25964
2025-03-09,C-010,Amazon,14475,1.6,23161
2025-03-09,C-011,Amazon,11978,1.6,19165
2025-03-09,C-012,Amazon,9325,1.6,14920
2025-03-09,C-013,Programmatic,6539,1.6,10463
2025-03-09,C-014,Programmatic,5405,1.6,8649
2025-03-09,C-015,Programmatic,5487,1.6,8780
2025-03-10,C-001,Google,15912,1.6,25460
2025-03-10,C-002,Google,14336,1.6,22939
2025-03-10,C-003,Google,11473,1.6,18358
2025-03-10,C-004,Meta,15441,1.6,24707
2025-03-10,C-005,Meta,12509,1.6,20015
2025-03-10,C-006,Meta,9691,1.6,15507
2025-03-10,C-007,TikTok,18081,1.95,35258
2025-03-10,C-008,TikTok,21583,1.6,34534
2025-03-10,C-009,TikTok,16545,1.6,26472
2025-03-10,C-010,Amazon,14955,1.6,23928
2025-03-10,C-011,Amazon,12269,1.6,19631
2025-03-10,C-012,Amazon,9756,1.6,15610
2025-03-10,C-013,Programmatic,5808,1.6,9294
2025-03-10,C-014,Programmatic,5591,1.6,8947
2025-03-10,C-015,Programmatic,5652,1.6,9044
