date,creative_id,campaign_id,platform,age_days,thumb_stop_rate,engagement,fatigue_score
2025-03-01,CR-101,C-001,Google,1,0.1903,0.769,0.0706
2025-03-01,CR-102,C-002,Google,1,0.2042,0.7532,0.0205
2025-03-01,CR-103,C-003,Google,1,0.2091,0.7583,0.0866
2025-03-01,CR-104,C-004,Meta,1,0.1983,0.7439,0.0403
2025-03-01,CR-105,C-005,Meta,1,0.2041,0.744,0.0867
2025-03-01,CR-106,C-006,Meta,1,0.2018,0.7499,0.0867
2025-03-01,CR-107,C-007,TikTok,1,0.2026,0.7284,0.0371
2025-03-01,CR-108,C-008,TikTok,1,0.2048,0.7457,0.0936
2025-03-01,CR-109,C-009,TikTok,1,0.2025,0.7589,0.0296
2025-03-01,CR-110,C-010,Amazon,1,0.2006,0.755,0.0322
2025-03-01,CR-111,C-011,Amazon,1,0.1918,0.7347,0.0356
2025-03-01,CR-112,C-012,Amazon,1,0.2096,0.7492,0.0338
2025-03-01,CR-113,C-013,Programmatic,1,0.192,0.7716,0.0273
2025-03-01,CR-114,C-014,Programmatic,1,0.1959,0.7685,0.067
2025-03-01,CR-115,C-015,Programmatic,1,0.1915,0.7684,0.0993
2025-03-02,CR-101,C-001,Google,2,0.2023,0.7544,0.0809
2025-03-02,CR-102,C-002,Google,2,0.1917,0.7572,0.0848
2025-03-02,CR-103,C-003,Google,2,0.2014,0.7436,0.0339
2025-03-02,CR-104,C-004,Meta,2,0.2027,0.7703,0.0245
2025-03-02,CR-105,C-005,Meta,2,0.2033,0.7442,0.0583
2025-03-02,CR-106,C-006,Meta,2,0.1993,0.7736,0.0939
2025-03-02,CR-107,C-007,TikTok,2,0.2086,0.7502,0.0382
2025-03-02,CR-108,C-008,TikTok,2,0.1966,0.7597,0.0462
2025-03-02,CR-109,C-009,TikTok,2,0.2083,0.756,0.0837
2025-03-02,CR-110,C-010,Amazon,2,0.1973,0.7515,0.0679
2025-03-02,CR-111,C-011,Amazon,2,0.1966,0.7702,0.0628
2025-03-02,CR-112,C-012,Amazon,2,0.1925,0.7369,0.0257
2025-03-02,CR-113,C-013,Programmatic,2,0.1998,0.7433,0.0979
2025-03-02,CR-114,C-014,Programmatic,2,0.197,0.7421,0.0767
2025-03-02,CR-115,C-015,Programmatic,2,0.1959,0.7648,0.0452
2025-03-03,CR-101,C-001,Google,3,0.2024,0.7301,0.0402
2025-03-03,CR-102,C-002,Google,3,0.2056,0.7634,0.0783
2025-03-03,CR-103,C-003,Google,3,0.2026,0.7494,0.0548
2025-03-03,CR-104,C-004,Meta,3,0.2065,0.7317,0.0241
2025-03-03,CR-105,C-005,Meta,3,0.1963,0.7407,0.0638
2025-03-03,CR-106,C-006,Meta,3,0.1942,0.7283,0.0944
2025-03-03,CR-107,C-007,TikTok,3,0.2012,0.7508,0.0515
2025-03-03,CR-108,C-008,TikTok,3,0.209,0.7218,0.0528
2025-03-03,CR-109,C-009,TikTok,3,0.1989,0.7299,0.0769
2025-03-03,CR-110,C-010,Amazon,3,0.2051,0.7467,0.0407
2025-03-03,CR-111,C-011,Amazon,3,0.2065,0.7425,0.0975
2025-03-03,CR-112,C-012,Amazon,3,0.1984,0.7559,0.0241
2025-03-03,CR-113,C-013,Programmatic,3,0.1948,0.773,0.0984
2025-03-03,CR-114,C-014,Programmatic,3,0.2046,0.7705,0.076
2025-03-03,CR-115,C-015,Programmatic,3,0.202,0.7544,0.0969
2025-03-04,CR-101,C-001,Google,4,0.2091,0.7614,0.0727
2025-03-04,CR-102,C-002,Google,4,0.2021,0.7602,0.0559
2025-03-04,CR-103,C-003,Google,4,0.1983,0.7651,0.0674
2025-03-04,CR-104,C-004,Meta,4,0.1948,0.7217,0.0852
2025-03-04,CR-105,C-005,Meta,4,0.1964,0.723,0.0573
2025-03-04,CR-106,C-006,Meta,4,0.2077,0.751,0.0331
2025-03-04,CR-107,C-007,TikTok,4,0.2079,0.7596,0.0838
2025-03-04,CR-108,C-008,TikTok,4,0.1998,0.7486,0.0523
2025-03-04,CR-109,C-009,TikTok,4,0.1919,0.7325,0.0855
2025-03-04,CR-110,C-010,Amazon,4,0.1917,0.7782,0.0661
2025-03-04,CR-111,C-011,Amazon,4,0.1935,0.7397,0.0635
2025-03-04,CR-112,C-012,Amazon,4,0.1969,0.7497,0.0817
2025-03-04,CR-113,C-013,Programmatic,4,0.1997,0.7714,0.0891
2025-03-04,CR-114,C-014,Programmatic,4,0.1981,0.7549,0.0635
2025-03-04,CR-115,C-015,Programmatic,4,0.1977,0.771,0.0608
2025-03-05,CR-101,C-001,Google,5,0.195,0.7796,0.0954
2025-03-05,CR-102,C-002,Google,5,0.208,0.7541,0.0767
2025-03-05,CR-103,C-003,Google,5,0.1974,0.7722,0.0376
2025-03-05,CR-104,C-004,Meta,5,0.1973,0.7363,0.0852
2025-03-05,CR-105,C-005,Meta,5,0.1911,0.7484,0.0547
2025-03-05,CR-106,C-006,Meta,5,0.1901,0.7541,0.0688
2025-03-05,CR-107,C-007,TikTok,5,0.1858,0.6402,0.1777
2025-03-05,CR-108,C-008,TikTok,5,0.2094,0.7349,0.0339
2025-03-05,CR-109,C-009,TikTok,5,0.1975,0.7223,0.0333
2025-03-05,CR-110,C-010,Amazon,5,0.1979,0.7541,0.0287
2025-03-05,CR-111,C-011,Amazon,5,0.2022,0.7593,0.0469
2025-03-05,CR-112,C-012,Amazon,5,0.1937,0.7409,0.0692
2025-03-05,CR-113,C-013,Programmatic,5,0.1946,0.7665,0.0333
2025-03-05,CR-114,C-014,Programmatic,5,0.2001,0.7613,0.0263
2025-03-05,CR-115,C-015,Programmatic,5,0.1973,0.7559,0.0712
2025-03-06,CR-101,C-001,Google,6,0.2088,0.7437,0.0748
2025-03-06,CR-102,C-002,Google,6,0.1924,0.7252,0.0768
2025-03-06,CR-103,C-003,Google,6,0.1921,0.7738,0.0318
2025-03-06,CR-104,C-004,Meta,6,0.2056,0.7269,0.0329
2025-03-06,CR-105,C-005,Meta,6,0.2016,0.7414,0.0358
2025-03-06,CR-106,C-006,Meta,6,0.1983,0.7283,0.0485
2025-03-06,CR-107,C-007,TikTok,6,0.1474,0.555,0.3507
2025-03-06,CR-108,C-008,TikTok,6,0.197,0.7707,0.0922
2025-03-06,CR-109,C-009,TikTok,6,0.2002,0.721,0.0956
2025-03-06,CR-110,C-010,Amazon,6,0.1992,0.7629,0.0956
2025-03-06,CR-111,C-011,Amazon,6,0.1982,0.7358,0.0765
2025-03-06,CR-112,C-012,Amazon,6,0.1972,0.7363,0.0821
2025-03-06,CR-113,C-013,Programmatic,6,0.2022,0.7726,0.0224
2025-03-06,CR-114,C-014,Programmatic,6,0.1952,0.7332,0.0757
2025-03-06,CR-115,C-015,Programmatic,6,0.1967,0.7637,0.0997
2025-03-07,CR-101,C-001,Google,7,0.199,0.7686,0.0389
2025-03-07,CR-102,C-002,Google,7,0.1953,0.7578,0.0685
2025-03-07,CR-103,C-003,Google,7,0.1947,0.7514,0.0652
2025-03-07,CR-104,C-004,Meta,7,0.2023,0.7236,0.048
2025-03-07,CR-105,C-005,Meta,7,0.1988,0.7396,0.037
2025-03-07,CR-106,C-006,Meta,7,0.1954,0.7624,0.0237
2025-03-07,CR-107,C-007,TikTok,7,0.1416,0.4649,0.4862
2025-03-07,CR-108,C-008,TikTok,7,0.2002,0.7371,0.0698
2025-03-07,CR-109,C-009,TikTok,7,0.2065,0.7279,0.0745
2025-03-07,CR-110,C-010,Amazon,7,0.1942,0.7618,0.0466
2025-03-07,CR-111,C-011,Amazon,7,0.2096,0.7353,0.0244
2025-03-07,CR-112,C-012,Amazon,7,0.2026,0.78,0.0513
2025-03-07,CR-113,C-013,Programmatic,7,0.191,0.7412,0.0314
2025-03-07,CR-114,C-014,Programmatic,7,0.19,0.7715,0.088
2025-03-07,CR-115,C-015,Programmatic,7,0.1944,0.7402,0.0973
2025-03-08,CR-101,C-001,Google,8,0.1965,0.7386,0.0942
2025-03-08,CR-102,C-002,Google,8,0.1903,0.7493,0.0414
2025-03-08,CR-103,C-003,Google,8,0.2099,0.7339,0.0457
2025-03-08,CR-104,C-004,Meta,8,0.2045,0.7397,0.0638
2025-03-08,CR-105,C-005,Meta,8,0.2071,0.7531,0.0403
2025-03-08,CR-106,C-006,Meta,8,0.1962,0.7677,0.0506
2025-03-08,CR-107,C-007,TikTok,8,0.1186,0.3569,0.6652
2025-03-08,CR-108,C-008,TikTok,8,0.1902,0.7653,0.0598
2025-03-08,CR-109,C-009,TikTok,8,0.2075,0.7612,0.0823
2025-03-08,CR-110,C-010,Amazon,8,0.1932,0.7213,0.0381
2025-03-08,CR-111,C-011,Amazon,8,0.1963,0.7723,0.0976
2025-03-08,CR-112,C-012,Amazon,8,0.197,0.7543,0.0377
2025-03-08,CR-113,C-013,Programmatic,8,0.2036,0.7238,0.0989
2025-03-08,CR-114,C-014,Programmatic,8,0.1932,0.7612,0.0981
2025-03-08,CR-115,C-015,Programmatic,8,0.2006,0.7382,0.0581
2025-03-09,CR-101,C-001,Google,9,0.2006,0.7621,0.0686
2025-03-09,CR-102,C-002,Google,9,0.199,0.7281,0.0787
2025-03-09,CR-103,C-003,Google,9,0.2045,0.773,0.0393
2025-03-09,CR-104,C-004,Meta,9,0.2024,0.7448,0.0294
2025-03-09,CR-105,C-005,Meta,9,0.201,0.7486,0.0568
2025-03-09,CR-106,C-006,Meta,9,0.2073,0.7314,0.0279
2025-03-09,CR-107,C-007,TikTok,9,0.0903,0.3067,0.8378
2025-03-09,CR-108,C-008,TikTok,9,0.1947,0.7422,0.0745
2025-03-09,CR-109,C-009,TikTok,9,0.1929,0.7649,0.0251
2025-03-09,CR-110,C-010,Amazon,9,0.2021,0.7258,0.0437
2025-03-09,CR-111,C-011,Amazon,9,0.2045,0.7294,0.0672
2025-03-09,CR-112,C-012,Amazon,9,0.2025,0.7429,0.0872
2025-03-09,CR-113,C-013,Programmatic,9,0.2037,0.7307,0.0588
2025-03-09,CR-114,C-014,Programmatic,9,0.2093,0.7272,0.0784
2025-03-09,CR-115,C-015,Programmatic,9,0.2021,0.7309,0.0469
2025-03-10,CR-101,C-001,Google,10,0.1995,0.7559,0.0677
2025-03-10,CR-102,C-002,Google,10,0.1942,0.7618,0.0941
2025-03-10,CR-103,C-003,Google,10,0.203,0.7277,0.0925
2025-03-10,CR-104,C-004,Meta,10,0.192,0.7691,0.0784
2025-03-10,CR-105,C-005,Meta,10,0.2066,0.766,0.0859
2025-03-10,CR-106,C-006,Meta,10,0.1924,0.7588,0.0422
2025-03-10,CR-107,C-007,TikTok,10,0.0752,0.1862,1.0
2025-03-10,CR-108,C-008,TikTok,10,0.1963,0.7546,0.0367
2025-03-10,CR-109,C-009,TikTok,10,0.1944,0.771,0.0387
2025-03-10,CR-110,C-010,Amazon,10,0.1931,0.7405,0.0909
2025-03-10,CR-111,C-011,Amazon,10,0.1926,0.7232,0.0415
2025-03-10,CR-112,C-012,Amazon,10,0.2079,0.744,0.0641
2025-03-10,CR-113,C-013,Programmatic,10,0.1949,0.7347,0.048
2025-03-10,CR-114,C-014,Programmatic,10,0.1909,0.7416,0.0342
2025-03-10,CR-115,C-015,Programmatic,10,0.2005,0.7431,0.0705
