date,campaign_id,sku,sessions,product_views,add_to_cart,checkout_initiated,purchases
2025-03-01,C-001,SKU-1001,722,664,93,36,23
2025-03-01,C-001,SKU-1002,482,443,78,30,16
2025-03-01,C-002,SKU-1002,546,502,98,44,17
2025-03-01,C-002,SKU-1003,546,502,68,31,16
2025-03-01,C-003,SKU-1003,321,295,38,16,10
2025-03-01,C-003,SKU-1007,321,295,41,22,10
2025-03-01,C-004,SKU-1004,1087,1000,175,91,28
2025-03-01,C-004,SKU-1005,724,666,126,62,19
2025-03-01,C-005,SKU-1005,826,759,133,38,20
2025-03-01,C-005,SKU-1006,551,506,77,48,14
2025-03-01,C-006,SKU-1006,480,441,89,23,11
2025-03-01,C-006,SKU-1007,480,441,64,21,11
2025-03-01,C-007,SKU-1001,982,903,191,73,39
2025-03-01,C-007,SKU-1002,982,903,137,45,40
2025-03-01,C-008,SKU-1002,1048,964,167,50,38
2025-03-01,C-008,SKU-1003,1048,964,202,85,38
2025-03-01,C-009,SKU-1007,754,693,99,34,22
2025-03-01,C-009,SKU-1008,754,693,105,46,22
2025-03-01,C-010,SKU-1009,454,417,66,24,26
2025-03-01,C-010,SKU-1010,454,417,56,30,26
2025-03-01,C-011,SKU-1004,773,711,102,45,44
2025-03-01,C-011,SKU-1005,136,125,20,11,8
2025-03-01,C-012,SKU-1003,296,272,46,13,13
2025-03-01,C-012,SKU-1008,296,272,42,22,14
2025-03-01,C-013,SKU-1001,131,120,25,6,3
2025-03-01,C-013,SKU-1005,131,120,18,7,3
2025-03-01,C-014,SKU-1006,129,118,16,7,3
2025-03-01,C-014,SKU-1009,129,118,23,7,2
2025-03-01,C-015,SKU-1008,130,119,23,10,3
2025-03-01,C-015,SKU-1010,130,119,25,6,4
2025-03-02,C-001,SKU-1001,728,669,116,40,26
2025-03-02,C-001,SKU-1002,485,446,58,23,17
2025-03-02,C-002,SKU-1002,516,474,73,32,17
2025-03-02,C-002,SKU-1003,516,474,93,39,18
2025-03-02,C-003,SKU-1003,334,307,55,14,11
2025-03-02,C-003,SKU-1007,334,307,62,25,10
2025-03-02,C-004,SKU-1004,1028,945,146,92,26
2025-03-02,C-004,SKU-1005,685,630,116,57,18
2025-03-02,C-005,SKU-1005,896,824,133,59,22
2025-03-02,C-005,SKU-1006,597,549,104,40,15
2025-03-02,C-006,SKU-1006,512,471,76,21,12
2025-03-02,C-006,SKU-1007,512,471,95,25,12
2025-03-02,C-007,SKU-1001,980,901,157,83,35
2025-03-02,C-007,SKU-1002,980,901,187,75,35
2025-03-02,C-008,SKU-1002,1016,934,138,86,37
2025-03-02,C-008,SKU-1003,1016,934,199,75,36
2025-03-02,C-009,SKU-1007,714,656,86,40,23
2025-03-02,C-009,SKU-1008,714,656,98,29,24
2025-03-02,C-010,SKU-1009,502,461,67,42,28
2025-03-02,C-010,SKU-1010,502,461,96,22,28
2025-03-02,C-011,SKU-1004,667,613,130,44,39
2025-03-02,C-011,SKU-1005,118,108,21,6,7
2025-03-02,C-012,SKU-1003,276,253,47,17,13
2025-03-02,C-012,SKU-1008,276,253,42,17,13
2025-03-02,C-013,SKU-1001,148,136,23,13,3
2025-03-02,C-013,SKU-1005,148,136,28,9,3
2025-03-02,C-014,SKU-1006,110,101,20,8,3
2025-03-02,C-014,SKU-1009,110,101,16,6,2
2025-03-02,C-015,SKU-1008,144,132,18,11,3
2025-03-02,C-015,SKU-1010,144,132,23,10,4
2025-03-03,C-001,SKU-1001,709,652,140,42,26
2025-03-03,C-001,SKU-1002,473,435,57,39,18
2025-03-03,C-002,SKU-1002,494,454,93,44,17
2025-03-03,C-002,SKU-1003,494,454,63,35,16
2025-03-03,C-003,SKU-1003,352,323,48,20,10
2025-03-03,C-003,SKU-1007,352,323,63,21,10
2025-03-03,C-004,SKU-1004,1154,1061,187,86,34
2025-03-03,C-004,SKU-1005,770,708,125,47,22
2025-03-03,C-005,SKU-1005,1003,922,139,86,25
2025-03-03,C-005,SKU-1006,668,614,124,57,17
2025-03-03,C-006,SKU-1006,590,542,90,49,15
2025-03-03,C-006,SKU-1007,590,542,113,33,14
2025-03-03,C-007,SKU-1001,1176,1081,216,100,45
2025-03-03,C-007,SKU-1002,1176,1081,191,103,46
2025-03-03,C-008,SKU-1002,1030,947,193,49,35
2025-03-03,C-008,SKU-1003,1030,947,148,55,35
2025-03-03,C-009,SKU-1007,761,700,136,62,25
2025-03-03,C-009,SKU-1008,761,700,147,59,24
2025-03-03,C-010,SKU-1009,468,430,73,32,28
2025-03-03,C-010,SKU-1010,468,430,80,25,28
2025-03-03,C-011,SKU-1004,782,719,120,56,43
2025-03-03,C-011,SKU-1005,138,126,27,11,8
2025-03-03,C-012,SKU-1003,312,287,39,24,15
2025-03-03,C-012,SKU-1008,312,287,38,27,15
2025-03-03,C-013,SKU-1001,142,130,18,7,3
2025-03-03,C-013,SKU-1005,142,130,21,7,3
2025-03-03,C-014,SKU-1006,125,115,15,5,3
2025-03-03,C-014,SKU-1009,125,115,23,5,2
2025-03-03,C-015,SKU-1008,134,123,21,8,3
2025-03-03,C-015,SKU-1010,134,123,19,9,4
2025-03-04,C-001,SKU-1001,665,611,85,32,24
2025-03-04,C-001,SKU-1002,443,407,68,27,16
2025-03-04,C-002,SKU-1002,463,425,79,34,14
2025-03-04,C-002,SKU-1003,463,425,59,25,14
2025-03-04,C-003,SKU-1003,371,341,71,24,11
2025-03-04,C-003,SKU-1007,371,341,44,28,10
2025-03-04,C-004,SKU-1004,1103,1014,160,89,32
2025-03-04,C-004,SKU-1005,735,676,123,34,21
2025-03-04,C-005,SKU-1005,964,886,146,74,26
2025-03-04,C-005,SKU-1006,643,591,127,53,17
2025-03-04,C-006,SKU-1006,530,487,78,25,13
2025-03-04,C-006,SKU-1007,530,487,104,28,13
2025-03-04,C-007,SKU-1001,986,907,157,45,35
2025-03-04,C-007,SKU-1002,986,907,159,48,36
2025-03-04,C-008,SKU-1002,965,887,172,60,35
2025-03-04,C-008,SKU-1003,965,887,159,59,35
2025-03-04,C-009,SKU-1007,768,706,134,40,20
2025-03-04,C-009,SKU-1008,768,706,131,62,24
2025-03-04,C-010,SKU-1009,490,450,77,26,25
2025-03-04,C-010,SKU-1010,490,450,94,28,26
2025-03-04,C-011,SKU-1004,763,701,113,33,47
2025-03-04,C-011,SKU-1005,135,124,24,9,8
2025-03-04,C-012,SKU-1003,304,279,47,27,15
2025-03-04,C-012,SKU-1008,304,279,46,19,15
2025-03-04,C-013,SKU-1001,140,128,18,11,3
2025-03-04,C-013,SKU-1005,140,128,22,8,3
2025-03-04,C-014,SKU-1006,116,106,21,7,3
2025-03-04,C-014,SKU-1009,116,106,16,9,2
2025-03-04,C-015,SKU-1008,136,125,21,7,3
2025-03-04,C-015,SKU-1010,136,125,22,8,4
2025-03-05,C-001,SKU-1001,727,668,97,58,13
2025-03-05,C-001,SKU-1002,485,446,83,29,9
2025-03-05,C-002,SKU-1002,510,469,95,23,9
2025-03-05,C-002,SKU-1003,510,469,82,42,10
2025-03-05,C-003,SKU-1003,340,312,65,21,6
2025-03-05,C-003,SKU-1007,340,312,65,23,0
2025-03-05,C-004,SKU-1004,614,564,82,53,10
2025-03-05,C-004,SKU-1005,410,377,73,36,7
2025-03-05,C-005,SKU-1005,481,442,62,31,7
2025-03-05,C-005,SKU-1006,321,295,52,23,4
2025-03-05,C-006,SKU-1006,288,264,42,22,3
2025-03-05,C-006,SKU-1007,288,264,43,11,0
2025-03-05,C-007,SKU-1001,890,818,145,64,17
2025-03-05,C-007,SKU-1002,890,818,109,62,18
2025-03-05,C-008,SKU-1002,974,896,128,75,17
2025-03-05,C-008,SKU-1003,974,896,148,46,17
2025-03-05,C-009,SKU-1007,758,697,134,67,0
2025-03-05,C-009,SKU-1008,758,697,125,40,13
2025-03-05,C-010,SKU-1009,434,399,63,28,12
2025-03-05,C-010,SKU-1010,434,399,57,28,12
2025-03-05,C-011,SKU-1004,824,758,129,47,29
2025-03-05,C-011,SKU-1005,145,133,18,11,5
2025-03-05,C-012,SKU-1003,286,263,53,12,7
2025-03-05,C-012,SKU-1008,286,263,42,21,8
2025-03-05,C-013,SKU-1001,158,145,31,9,2
2025-03-05,C-013,SKU-1005,158,145,30,8,2
2025-03-05,C-014,SKU-1006,112,103,22,8,1
2025-03-05,C-014,SKU-1009,112,103,17,8,2
2025-03-05,C-015,SKU-1008,128,117,18,9,1
2025-03-05,C-015,SKU-1010,128,117,16,10,2
2025-03-06,C-001,SKU-1001,678,623,118,38,11
2025-03-06,C-001,SKU-1002,452,415,58,26,7
2025-03-06,C-002,SKU-1002,489,449,59,33,7
2025-03-06,C-002,SKU-1003,489,449,61,22,7
2025-03-06,C-003,SKU-1003,369,339,67,16,5
2025-03-06,C-003,SKU-1007,369,339,53,31,0
2025-03-06,C-004,SKU-1004,557,512,106,23,7
2025-03-06,C-004,SKU-1005,371,341,73,15,5
2025-03-06,C-005,SKU-1005,504,463,92,28,6
2025-03-06,C-005,SKU-1006,336,309,43,26,4
2025-03-06,C-006,SKU-1006,278,255,36,24,3
2025-03-06,C-006,SKU-1007,278,255,39,21,0
2025-03-06,C-007,SKU-1001,792,728,114,57,13
2025-03-06,C-007,SKU-1002,792,728,115,67,12
2025-03-06,C-008,SKU-1002,965,887,169,69,15
2025-03-06,C-008,SKU-1003,965,887,146,71,15
2025-03-06,C-009,SKU-1007,709,652,119,33,0
2025-03-06,C-009,SKU-1008,709,652,125,60,10
2025-03-06,C-010,SKU-1009,514,472,81,28,13
2025-03-06,C-010,SKU-1010,514,472,97,32,13
2025-03-06,C-011,SKU-1004,714,656,133,39,20
2025-03-06,C-011,SKU-1005,126,115,22,10,4
2025-03-06,C-012,SKU-1003,280,257,49,18,7
2025-03-06,C-012,SKU-1008,280,257,38,15,6
2025-03-06,C-013,SKU-1001,134,123,23,9,1
2025-03-06,C-013,SKU-1005,134,123,22,10,1
2025-03-06,C-014,SKU-1006,111,102,18,5,1
2025-03-06,C-014,SKU-1009,111,102,16,7,1
2025-03-06,C-015,SKU-1008,144,132,23,8,1
2025-03-06,C-015,SKU-1010,144,132,22,12,2
2025-03-07,C-001,SKU-1001,759,698,124,42,20
2025-03-07,C-001,SKU-1002,506,465,98,26,14
2025-03-07,C-002,SKU-1002,483,444,84,29,11
2025-03-07,C-002,SKU-1003,483,444,74,30,12
2025-03-07,C-003,SKU-1003,350,322,58,18,9
2025-03-07,C-003,SKU-1007,350,322,56,30,0
2025-03-07,C-004,SKU-1004,595,547,77,33,13
2025-03-07,C-004,SKU-1005,397,365,58,23,9
2025-03-07,C-005,SKU-1005,546,502,105,38,12
2025-03-07,C-005,SKU-1006,364,334,58,30,8
2025-03-07,C-006,SKU-1006,316,290,61,24,6
2025-03-07,C-006,SKU-1007,316,290,60,23,0
2025-03-07,C-007,SKU-1001,686,631,125,56,17
2025-03-07,C-007,SKU-1002,686,631,124,43,17
2025-03-07,C-008,SKU-1002,995,915,191,75,25
2025-03-07,C-008,SKU-1003,995,915,160,74,26
2025-03-07,C-009,SKU-1007,720,662,118,47,0
2025-03-07,C-009,SKU-1008,720,662,142,36,18
2025-03-07,C-010,SKU-1009,507,466,89,23,23
2025-03-07,C-010,SKU-1010,507,466,66,38,24
2025-03-07,C-011,SKU-1004,744,684,126,58,35
2025-03-07,C-011,SKU-1005,131,120,25,7,6
2025-03-07,C-012,SKU-1003,285,262,47,18,11
2025-03-07,C-012,SKU-1008,285,262,47,21,10
2025-03-07,C-013,SKU-1001,138,126,22,9,3
2025-03-07,C-013,SKU-1005,138,126,20,7,2
2025-03-07,C-014,SKU-1006,112,103,22,7,1
2025-03-07,C-014,SKU-1009,112,103,20,8,2
2025-03-07,C-015,SKU-1008,134,123,22,9,3
2025-03-07,C-015,SKU-1010,134,123,21,9,2
2025-03-08,C-001,SKU-1001,675,621,110,57,23
2025-03-08,C-001,SKU-1002,450,414,65,23,16
2025-03-08,C-002,SKU-1002,483,444,82,33,15
2025-03-08,C-002,SKU-1003,483,444,96,34,16
2025-03-08,C-003,SKU-1003,328,301,60,13,9
2025-03-08,C-003,SKU-1007,328,301,39,13,0
2025-03-08,C-004,SKU-1004,619,569,92,30,19
2025-03-08,C-004,SKU-1005,413,379,49,20,12
2025-03-08,C-005,SKU-1005,530,487,93,41,13
2025-03-08,C-005,SKU-1006,354,325,67,27,9
2025-03-08,C-006,SKU-1006,284,261,51,12,7
2025-03-08,C-006,SKU-1007,284,261,47,15,0
2025-03-08,C-007,SKU-1001,581,534,72,47,17
2025-03-08,C-007,SKU-1002,581,534,85,30,17
2025-03-08,C-008,SKU-1002,928,853,124,58,29
2025-03-08,C-008,SKU-1003,928,853,113,63,30
2025-03-08,C-009,SKU-1007,746,686,96,59,0
2025-03-08,C-009,SKU-1008,746,686,130,41,23
2025-03-08,C-010,SKU-1009,462,425,64,38,27
2025-03-08,C-010,SKU-1010,462,425,81,23,28
2025-03-08,C-011,SKU-1004,739,679,94,47,44
2025-03-08,C-011,SKU-1005,130,119,15,9,8
2025-03-08,C-012,SKU-1003,331,304,47,22,17
2025-03-08,C-012,SKU-1008,331,304,45,23,16
2025-03-08,C-013,SKU-1001,138,126,23,8,3
2025-03-08,C-013,SKU-1005,138,126,19,6,3
2025-03-08,C-014,SKU-1006,120,110,15,6,3
2025-03-08,C-014,SKU-1009,120,110,23,10,2
2025-03-08,C-015,SKU-1008,128,117,15,8,3
2025-03-08,C-015,SKU-1010,128,117,21,6,4
2025-03-09,C-001,SKU-1001,749,689,101,45,25
2025-03-09,C-001,SKU-1002,499,459,67,32,16
2025-03-09,C-002,SKU-1002,501,460,91,24,17
2025-03-09,C-002,SKU-1003,501,460,99,33,16
2025-03-09,C-003,SKU-1003,320,294,39,22,9
2025-03-09,C-003,SKU-1007,320,294,45,19,0
2025-03-09,C-004,SKU-1004,624,574,119,43,17
2025-03-09,C-004,SKU-1005,416,382,51,18,11
2025-03-09,C-005,SKU-1005,484,445,90,29,13
2025-03-09,C-005,SKU-1006,323,297,62,27,8
2025-03-09,C-006,SKU-1006,270,248,45,23,7
2025-03-09,C-006,SKU-1007,270,248,36,18,0
2025-03-09,C-007,SKU-1001,448,412,58,39,12
2025-03-09,C-007,SKU-1002,448,412,58,21,12
2025-03-09,C-008,SKU-1002,969,891,187,80,33
2025-03-09,C-008,SKU-1003,969,891,145,77,34
2025-03-09,C-009,SKU-1007,720,662,133,29,0
2025-03-09,C-009,SKU-1008,720,662,91,61,22
2025-03-09,C-010,SKU-1009,486,447,77,25,27
2025-03-09,C-010,SKU-1010,486,447,74,33,26
2025-03-09,C-011,SKU-1004,740,680,133,38,45
2025-03-09,C-011,SKU-1005,131,120,19,9,8
2025-03-09,C-012,SKU-1003,270,248,51,14,13
2025-03-09,C-012,SKU-1008,270,248,41,17,13
2025-03-09,C-013,SKU-1001,144,132,21,10,3
2025-03-09,C-013,SKU-1005,144,132,28,9,3
2025-03-09,C-014,SKU-1006,119,109,16,6,3
2025-03-09,C-014,SKU-1009,119,109,16,7,2
2025-03-09,C-015,SKU-1008,128,117,24,8,3
2025-03-09,C-015,SKU-1010,128,117,18,11,3
2025-03-10,C-001,SKU-1001,706,649,138,47,25
2025-03-10,C-001,SKU-1002,470,432,80,35,16
2025-03-10,C-002,SKU-1002,494,454,97,38,17
2025-03-10,C-002,SKU-1003,494,454,81,22,16
2025-03-10,C-003,SKU-1003,340,312,46,17,11
2025-03-10,C-003,SKU-1007,340,312,60,21,0
2025-03-10,C-004,SKU-1004,625,575,96,46,17
2025-03-10,C-004,SKU-1005,416,382,53,28,12
2025-03-10,C-005,SKU-1005,480,441,57,25,12
2025-03-10,C-005,SKU-1006,320,294,61,19,8
2025-03-10,C-006,SKU-1006,284,261,55,24,7
2025-03-10,C-006,SKU-1007,284,261,49,23,0
2025-03-10,C-007,SKU-1001,378,347,53,27,9
2025-03-10,C-007,SKU-1002,378,347,46,16,9
2025-03-10,C-008,SKU-1002,967,889,155,70,33
2025-03-10,C-008,SKU-1003,967,889,134,56,32
2025-03-10,C-009,SKU-1007,746,686,102,39,0
2025-03-10,C-009,SKU-1008,746,686,101,51,22
2025-03-10,C-010,SKU-1009,511,470,100,45,27
2025-03-10,C-010,SKU-1010,511,470,91,40,26
2025-03-10,C-011,SKU-1004,729,670,121,33,45
2025-03-10,C-011,SKU-1005,129,118,18,9,8
2025-03-10,C-012,SKU-1003,307,282,55,24,15
2025-03-10,C-012,SKU-1008,307,282,59,25,14
2025-03-10,C-013,SKU-1001,124,114,21,7,3
2025-03-10,C-013,SKU-1005,124,114,21,6,2
2025-03-10,C-014,SKU-1006,110,101,13,5,3
2025-03-10,C-014,SKU-1009,110,101,15,7,2
2025-03-10,C-015,SKU-1008,130,119,18,6,3
2025-03-10,C-015,SKU-1010,130,119,25,5,3
