date,sku,opening_stock,units_sold,closing_stock,stockout_flag
2025-03-01,SKU-1001,1500,65,1435,0
2025-03-01,SKU-1002,1500,111,1389,0
2025-03-01,SKU-1003,1200,77,1123,0
2025-03-01,SKU-1004,1400,72,1328,0
2025-03-01,SKU-1005,2000,50,1950,0
2025-03-01,SKU-1006,1500,28,1472,0
2025-03-01,SKU-1007,180,43,137,0
2025-03-01,SKU-1008,1000,39,961,0
2025-03-01,SKU-1009,1200,28,1172,0
2025-03-01,SKU-1010,1000,30,970,0
2025-03-02,SKU-1001,1435,64,1371,0
2025-03-02,SKU-1002,1389,106,1283,0
2025-03-02,SKU-1003,1123,78,1045,0
2025-03-02,SKU-1004,1328,65,1263,0
2025-03-02,SKU-1005,1950,50,1900,0
2025-03-02,SKU-1006,1472,30,1442,0
2025-03-02,SKU-1007,137,45,92,0
2025-03-02,SKU-1008,961,40,921,0
2025-03-02,SKU-1009,1172,30,1142,0
2025-03-02,SKU-1010,970,32,938,0
2025-03-03,SKU-1001,1371,74,1297,0
2025-03-03,SKU-1002,1283,116,1167,0
2025-03-03,SKU-1003,1045,76,969,0
2025-03-03,SKU-1004,1263,77,1186,0
2025-03-03,SKU-1005,1900,58,1842,0
2025-03-03,SKU-1006,1442,35,1407,0
2025-03-03,SKU-1007,92,49,43,0
2025-03-03,SKU-1008,921,42,879,0
2025-03-03,SKU-1009,1142,30,1112,0
2025-03-03,SKU-1010,938,32,906,0
2025-03-04,SKU-1001,1297,62,1235,0
2025-03-04,SKU-1002,1167,101,1066,0
2025-03-04,SKU-1003,969,75,894,0
2025-03-04,SKU-1004,1186,79,1107,0
2025-03-04,SKU-1005,1842,58,1784,0
2025-03-04,SKU-1006,1407,33,1374,0
2025-03-04,SKU-1007,43,43,0,1
2025-03-04,SKU-1008,879,42,837,0
2025-03-04,SKU-1009,1112,27,1085,0
2025-03-04,SKU-1010,906,30,876,0
2025-03-05,SKU-1001,1235,32,1203,0
2025-03-05,SKU-1002,1066,53,1013,0
2025-03-05,SKU-1003,894,40,854,0
2025-03-05,SKU-1004,1107,39,1068,0
2025-03-05,SKU-1005,1784,21,1763,0
2025-03-05,SKU-1006,1374,8,1366,0
2025-03-05,SKU-1007,0,0,0,1
2025-03-05,SKU-1008,837,22,815,0
2025-03-05,SKU-1009,1085,14,1071,0
2025-03-05,SKU-1010,876,14,862,0
2025-03-06,SKU-1001,1203,25,1178,0
2025-03-06,SKU-1002,1013,41,972,0
2025-03-06,SKU-1003,854,34,820,0
2025-03-06,SKU-1004,1068,27,1041,0
2025-03-06,SKU-1005,1763,16,1747,0
2025-03-06,SKU-1006,1366,8,1358,0
2025-03-06,SKU-1007,0,0,0,1
2025-03-06,SKU-1008,815,17,798,0
2025-03-06,SKU-1009,1071,14,1057,0
2025-03-06,SKU-1010,862,15,847,0
2025-03-07,SKU-1001,1178,40,1138,0
2025-03-07,SKU-1002,972,67,905,0
2025-03-07,SKU-1003,820,58,762,0
2025-03-07,SKU-1004,1041,48,993,0
2025-03-07,SKU-1005,1747,29,1718,0
2025-03-07,SKU-1006,1358,15,1343,0
2025-03-07,SKU-1007,0,0,0,1
2025-03-07,SKU-1008,798,31,767,0
2025-03-07,SKU-1009,1057,25,1032,0
2025-03-07,SKU-1010,847,26,821,0
2025-03-08,SKU-1001,1138,43,1095,0
2025-03-08,SKU-1002,905,77,828,0
2025-03-08,SKU-1003,762,72,690,0
2025-03-08,SKU-1004,993,63,930,0
2025-03-08,SKU-1005,1718,36,1682,0
2025-03-08,SKU-1006,1343,19,1324,0
2025-03-08,SKU-1007,0,0,0,1
2025-03-08,SKU-1008,767,42,725,0
2025-03-08,SKU-1009,1032,29,1003,0
2025-03-08,SKU-1010,821,32,789,0
2025-03-09,SKU-1001,1095,40,1055,0
2025-03-09,SKU-1002,828,78,750,0
2025-03-09,SKU-1003,690,72,618,0
2025-03-09,SKU-1004,930,62,868,0
2025-03-09,SKU-1005,1682,35,1647,0
2025-03-09,SKU-1006,1324,18,1306,0
2025-03-09,SKU-1007,0,0,0,1
2025-03-09,SKU-1008,725,38,687,0
2025-03-09,SKU-1009,1003,29,974,0
2025-03-09,SKU-1010,789,29,760,0
2025-03-10,SKU-1001,1055,37,1018,0
2025-03-10,SKU-1002,750,75,675,0
2025-03-10,SKU-1003,618,74,544,0
2025-03-10,SKU-1004,868,62,806,0
2025-03-10,SKU-1005,1647,34,1613,0
2025-03-10,SKU-1006,1306,18,1288,0
2025-03-10,SKU-1007,0,0,0,1
2025-03-10,SKU-1008,687,39,648,0
2025-03-10,SKU-1009,974,29,945,0
2025-03-10,SKU-1010,760,29,731,0
