date,campaign_id,sku,units_sold,revenue
2025-03-01,C-001,SKU-1001,23,1127.0
2025-03-01,C-001,SKU-1002,16,1264.0
2025-03-01,C-002,SKU-1002,17,1343.0
2025-03-01,C-002,SKU-1003,16,2064.0
2025-03-01,C-003,SKU-1003,10,1290.0
2025-03-01,C-003,SKU-1007,10,890.0
2025-03-01,C-004,SKU-1004,28,4452.0
2025-03-01,C-004,SKU-1005,19,551.0
2025-03-01,C-005,SKU-1005,20,580.0
2025-03-01,C-005,SKU-1006,14,546.0
2025-03-01,C-006,SKU-1006,11,429.0
2025-03-01,C-006,SKU-1007,11,979.0
2025-03-01,C-007,SKU-1001,39,1911.0
2025-03-01,C-007,SKU-1002,40,3160.0
2025-03-01,C-008,SKU-1002,38,3002.0
2025-03-01,C-008,SKU-1003,38,4902.0
2025-03-01,C-009,SKU-1007,22,1958.0
2025-03-01,C-009,SKU-1008,22,2618.0
2025-03-01,C-010,SKU-1009,26,1794.0
2025-03-01,C-010,SKU-1010,26,2574.0
2025-03-01,C-011,SKU-1004,44,6996.0
2025-03-01,C-011,SKU-1005,8,232.0
2025-03-01,C-012,SKU-1003,13,1677.0
2025-03-01,C-012,SKU-1008,14,1666.0
2025-03-01,C-013,SKU-1001,3,147.0
2025-03-01,C-013,SKU-1005,3,87.0
2025-03-01,C-014,SKU-1006,3,117.0
2025-03-01,C-014,SKU-1009,2,138.0
2025-03-01,C-015,SKU-1008,3,357.0
2025-03-01,C-015,SKU-1010,4,396.0
2025-03-02,C-001,SKU-1001,26,1274.0
2025-03-02,C-001,SKU-1002,17,1343.0
2025-03-02,C-002,SKU-1002,17,1343.0
2025-03-02,C-002,SKU-1003,18,2322.0
2025-03-02,C-003,SKU-1003,11,1419.0
2025-03-02,C-003,SKU-1007,10,890.0
2025-03-02,C-004,SKU-1004,26,4134.0
2025-03-02,C-004,SKU-1005,18,522.0
2025-03-02,C-005,SKU-1005,22,638.0
2025-03-02,C-005,SKU-1006,15,585.0
2025-03-02,C-006,SKU-1006,12,468.0
2025-03-02,C-006,SKU-1007,12,1068.0
2025-03-02,C-007,SKU-1001,35,1715.0
2025-03-02,C-007,SKU-1002,35,2765.0
2025-03-02,C-008,SKU-1002,37,2923.0
2025-03-02,C-008,SKU-1003,36,4644.0
2025-03-02,C-009,SKU-1007,23,2047.0
2025-03-02,C-009,SKU-1008,24,2856.0
2025-03-02,C-010,SKU-1009,28,1932.0
2025-03-02,C-010,SKU-1010,28,2772.0
2025-03-02,C-011,SKU-1004,39,6201.0
2025-03-02,C-011,SKU-1005,7,203.0
2025-03-02,C-012,SKU-1003,13,1677.0
2025-03-02,C-012,SKU-1008,13,1547.0
2025-03-02,C-013,SKU-1001,3,147.0
2025-03-02,C-013,SKU-1005,3,87.0
2025-03-02,C-014,SKU-1006,3,117.0
2025-03-02,C-014,SKU-1009,2,138.0
2025-03-02,C-015,SKU-1008,3,357.0
2025-03-02,C-015,SKU-1010,4,396.0
2025-03-03,C-001,SKU-1001,26,1274.0
2025-03-03,C-001,SKU-1002,18,1422.0
2025-03-03,C-002,SKU-1002,17,1343.0
2025-03-03,C-002,SKU-1003,16,2064.0
2025-03-03,C-003,SKU-1003,10,1290.0
2025-03-03,C-003,SKU-1007,10,890.0
2025-03-03,C-004,SKU-1004,34,5406.0
2025-03-03,C-004,SKU-1005,22,638.0
2025-03-03,C-005,SKU-1005,25,725.0
2025-03-03,C-005,SKU-1006,17,663.0
2025-03-03,C-006,SKU-1006,15,585.0
2025-03-03,C-006,SKU-1007,14,1246.0
2025-03-03,C-007,SKU-1001,45,2205.0
2025-03-03,C-007,SKU-1002,46,3634.0
2025-03-03,C-008,SKU-1002,35,2765.0
2025-03-03,C-008,SKU-1003,35,4515.0
2025-03-03,C-009,SKU-1007,25,2225.0
2025-03-03,C-009,SKU-1008,24,2856.0
2025-03-03,C-010,SKU-1009,28,1932.0
2025-03-03,C-010,SKU-1010,28,2772.0
2025-03-03,C-011,SKU-1004,43,6837.0
2025-03-03,C-011,SKU-1005,8,232.0
2025-03-03,C-012,SKU-1003,15,1935.0
2025-03-03,C-012,SKU-1008,15,1785.0
2025-03-03,C-013,SKU-1001,3,147.0
2025-03-03,C-013,SKU-1005,3,87.0
2025-03-03,C-014,SKU-1006,3,117.0
2025-03-03,C-014,SKU-1009,2,138.0
2025-03-03,C-015,SKU-1008,3,357.0
2025-03-03,C-015,SKU-1010,4,396.0
2025-03-04,C-001,SKU-1001,24,1176.0
2025-03-04,C-001,SKU-1002,16,1264.0
2025-03-04,C-002,SKU-1002,14,1106.0
2025-03-04,C-002,SKU-1003,14,1806.0
2025-03-04,C-003,SKU-1003,11,1419.0
2025-03-04,C-003,SKU-1007,10,890.0
2025-03-04,C-004,SKU-1004,32,5088.0
2025-03-04,C-004,SKU-1005,21,609.0
2025-03-04,C-005,SKU-1005,26,754.0
2025-03-04,C-005,SKU-1006,17,663.0
2025-03-04,C-006,SKU-1006,13,507.0
2025-03-04,C-006,SKU-1007,13,1157.0
2025-03-04,C-007,SKU-1001,35,1715.0
2025-03-04,C-007,SKU-1002,36,2844.0
2025-03-04,C-008,SKU-1002,35,2765.0
2025-03-04,C-008,SKU-1003,35,4515.0
2025-03-04,C-009,SKU-1007,20,1780.0
2025-03-04,C-009,SKU-1008,24,2856.0
2025-03-04,C-010,SKU-1009,25,1725.0
2025-03-04,C-010,SKU-1010,26,2574.0
2025-03-04,C-011,SKU-1004,47,7473.0
2025-03-04,C-011,SKU-1005,8,232.0
2025-03-04,C-012,SKU-1003,15,1935.0
2025-03-04,C-012,SKU-1008,15,1785.0
2025-03-04,C-013,SKU-1001,3,147.0
2025-03-04,C-013,SKU-1005,3,87.0
2025-03-04,C-014,SKU-1006,3,117.0
2025-03-04,C-014,SKU-1009,2,138.0
2025-03-04,C-015,SKU-1008,3,357.0
2025-03-04,C-015,SKU-1010,4,396.0
2025-03-05,C-001,SKU-1001,13,637.0
2025-03-05,C-001,SKU-1002,9,711.0
2025-03-05,C-002,SKU-1002,9,711.0
2025-03-05,C-002,SKU-1003,10,1290.0
2025-03-05,C-003,SKU-1003,6,774.0
2025-03-05,C-004,SKU-1004,10,1590.0
2025-03-05,C-004,SKU-1005,7,203.0
2025-03-05,C-005,SKU-1005,7,203.0
2025-03-05,C-005,SKU-1006,4,156.0
2025-03-05,C-006,SKU-1006,3,117.0
2025-03-05,C-007,SKU-1001,17,833.0
2025-03-05,C-007,SKU-1002,18,1422.0
2025-03-05,C-008,SKU-1002,17,1343.0
2025-03-05,C-008,SKU-1003,17,2193.0
2025-03-05,C-009,SKU-1008,13,1547.0
2025-03-05,C-010,SKU-1009,12,828.0
2025-03-05,C-010,SKU-1010,12,1188.0
2025-03-05,C-011,SKU-1004,29,4611.0
2025-03-05,C-011,SKU-1005,5,145.0
2025-03-05,C-012,SKU-1003,7,903.0
2025-03-05,C-012,SKU-1008,8,952.0
2025-03-05,C-013,SKU-1001,2,98.0
2025-03-05,C-013,SKU-1005,2,58.0
2025-03-05,C-014,SKU-1006,1,39.0
2025-03-05,C-014,SKU-1009,2,138.0
2025-03-05,C-015,SKU-1008,1,119.0
2025-03-05,C-015,SKU-1010,2,198.0
2025-03-06,C-001,SKU-1001,11,539.0
2025-03-06,C-001,SKU-1002,7,553.0
2025-03-06,C-002,SKU-1002,7,553.0
2025-03-06,C-002,SKU-1003,7,903.0
2025-03-06,C-003,SKU-1003,5,645.0
2025-03-06,C-004,SKU-1004,7,1113.0
2025-03-06,C-004,SKU-1005,5,145.0
2025-03-06,C-005,SKU-1005,6,174.0
2025-03-06,C-005,SKU-1006,4,156.0
2025-03-06,C-006,SKU-1006,3,117.0
2025-03-06,C-007,SKU-1001,13,637.0
2025-03-06,C-007,SKU-1002,12,948.0
2025-03-06,C-008,SKU-1002,15,1185.0
2025-03-06,C-008,SKU-1003,15,1935.0
2025-03-06,C-009,SKU-1008,10,1190.0
2025-03-06,C-010,SKU-1009,13,897.0
2025-03-06,C-010,SKU-1010,13,1287.0
2025-03-06,C-011,SKU-1004,20,3180.0
2025-03-06,C-011,SKU-1005,4,116.0
2025-03-06,C-012,SKU-1003,7,903.0
2025-03-06,C-012,SKU-1008,6,714.0
2025-03-06,C-013,SKU-1001,1,49.0
2025-03-06,C-013,SKU-1005,1,29.0
2025-03-06,C-014,SKU-1006,1,39.0
2025-03-06,C-014,SKU-1009,1,69.0
2025-03-06,C-015,SKU-1008,1,119.0
2025-03-06,C-015,SKU-1010,2,198.0
2025-03-07,C-001,SKU-1001,20,980.0
2025-03-07,C-001,SKU-1002,14,1106.0
2025-03-07,C-002,SKU-1002,11,869.0
2025-03-07,C-002,SKU-1003,12,1548.0
2025-03-07,C-003,SKU-1003,9,1161.0
2025-03-07,C-004,SKU-1004,13,2067.0
2025-03-07,C-004,SKU-1005,9,261.0
2025-03-07,C-005,SKU-1005,12,348.0
2025-03-07,C-005,SKU-1006,8,312.0
2025-03-07,C-006,SKU-1006,6,234.0
2025-03-07,C-007,SKU-1001,17,833.0
2025-03-07,C-007,SKU-1002,17,1343.0
2025-03-07,C-008,SKU-1002,25,1975.0
2025-03-07,C-008,SKU-1003,26,3354.0
2025-03-07,C-009,SKU-1008,18,2142.0
2025-03-07,C-010,SKU-1009,23,1587.0
2025-03-07,C-010,SKU-1010,24,2376.0
2025-03-07,C-011,SKU-1004,35,5565.0
2025-03-07,C-011,SKU-1005,6,174.0
2025-03-07,C-012,SKU-1003,11,1419.0
2025-03-07,C-012,SKU-1008,10,1190.0
2025-03-07,C-013,SKU-1001,3,147.0
2025-03-07,C-013,SKU-1005,2,58.0
2025-03-07,C-014,SKU-1006,1,39.0
2025-03-07,C-014,SKU-1009,2,138.0
2025-03-07,C-015,SKU-1008,3,357.0
2025-03-07,C-015,SKU-1010,2,198.0
2025-03-08,C-001,SKU-1001,23,1127.0
2025-03-08,C-001,SKU-1002,16,1264.0
2025-03-08,C-002,SKU-1002,15,1185.0
2025-03-08,C-002,SKU-1003,16,2064.0
2025-03-08,C-003,SKU-1003,9,1161.0
2025-03-08,C-004,SKU-1004,19,3021.0
2025-03-08,C-004,SKU-1005,12,348.0
2025-03-08,C-005,SKU-1005,13,377.0
2025-03-08,C-005,SKU-1006,9,351.0
2025-03-08,C-006,SKU-1006,7,273.0
2025-03-08,C-007,SKU-1001,17,833.0
2025-03-08,C-007,SKU-1002,17,1343.0
2025-03-08,C-008,SKU-1002,29,2291.0
2025-03-08,C-008,SKU-1003,30,3870.0
2025-03-08,C-009,SKU-1008,23,2737.0
2025-03-08,C-010,SKU-1009,27,1863.0
2025-03-08,C-010,SKU-1010,28,2772.0
2025-03-08,C-011,SKU-1004,44,6996.0
2025-03-08,C-011,SKU-1005,8,232.0
2025-03-08,C-012,SKU-1003,17,2193.0
2025-03-08,C-012,SKU-1008,16,1904.0
2025-03-08,C-013,SKU-1001,3,147.0
2025-03-08,C-013,SKU-1005,3,87.0
2025-03-08,C-014,SKU-1006,3,117.0
2025-03-08,C-014,SKU-1009,2,138.0
2025-03-08,C-015,SKU-1008,3,357.0
2025-03-08,C-015,SKU-1010,4,396.0
2025-03-09,C-001,SKU-1001,25,1225.0
2025-03-09,C-001,SKU-1002,16,1264.0
2025-03-09,C-002,SKU-1002,17,1343.0
2025-03-09,C-002,SKU-1003,16,2064.0
2025-03-09,C-003,SKU-1003,9,1161.0
2025-03-09,C-004,SKU-1004,17,2703.0
2025-03-09,C-004,SKU-1005,11,319.0
2025-03-09,C-005,SKU-1005,13,377.0
2025-03-09,C-005,SKU-1006,8,312.0
2025-03-09,C-006,SKU-1006,7,273.0
2025-03-09,C-007,SKU-1001,12,588.0
2025-03-09,C-007,SKU-1002,12,948.0
2025-03-09,C-008,SKU-1002,33,2607.0
2025-03-09,C-008,SKU-1003,34,4386.0
2025-03-09,C-009,SKU-1008,22,2618.0
2025-03-09,C-010,SKU-1009,27,1863.0
2025-03-09,C-010,SKU-1010,26,2574.0
2025-03-09,C-011,SKU-1004,45,7155.0
2025-03-09,C-011,SKU-1005,8,232.0
2025-03-09,C-012,SKU-1003,13,1677.0
2025-03-09,C-012,SKU-1008,13,1547.0
2025-03-09,C-013,SKU-1001,3,147.0
2025-03-09,C-013,SKU-1005,3,87.0
2025-03-09,C-014,SKU-1006,3,117.0
2025-03-09,C-014,SKU-1009,2,138.0
2025-03-09,C-015,SKU-1008,3,357.0
2025-03-09,C-015,SKU-1010,3,297.0
2025-03-10,C-001,SKU-1001,25,1225.0
2025-03-10,C-001,SKU-1002,16,1264.0
2025-03-10,C-002,SKU-1002,17,1343.0
2025-03-10,C-002,SKU-1003,16,2064.0
2025-03-10,C-003,SKU-1003,11,1419.0
2025-03-10,C-004,SKU-1004,17,2703.0
2025-03-10,C-004,SKU-1005,12,348.0
2025-03-10,C-005,SKU-1005,12,348.0
2025-03-10,C-005,SKU-1006,8,312.0
2025-03-10,C-006,SKU-1006,7,273.0
2025-03-10,C-007,SKU-1001,9,441.0
2025-03-10,C-007,SKU-1002,9,711.0
2025-03-10,C-008,SKU-1002,33,2607.0
2025-03-10,C-008,SKU-1003,32,4128.0
2025-03-10,C-009,SKU-1008,22,2618.0
2025-03-10,C-010,SKU-1009,27,1863.0
2025-03-10,C-010,SKU-1010,26,2574.0
2025-03-10,C-011,SKU-1004,45,7155.0
2025-03-10,C-011,SKU-1005,8,232.0
2025-03-10,C-012,SKU-1003,15,1935.0
2025-03-10,C-012,SKU-1008,14,1666.0
2025-03-10,C-013,SKU-1001,3,147.0
2025-03-10,C-013,SKU-1005,2,58.0
2025-03-10,C-014,SKU-1006,3,117.0
2025-03-10,C-014,SKU-1009,2,138.0
2025-03-10,C-015,SKU-1008,3,357.0
2025-03-10,C-015,SKU-1010,3,297.0
